epoch,time,train/giou_loss,train/cls_loss,train/l1_loss,metrics/precision(B),metrics/recall(B),metrics/mAP50(B),metrics/mAP50-95(B),val/giou_loss,val/cls_loss,val/l1_loss,lr/pg0,lr/pg1,lr/pg2
1,2741.73,1.40065,0.67996,1.59593,0.22811,0.03016,0.00076,0.00017,1.28182,0.89216,2.29756,0.0670167,0.000333165,0.000333165
2,5474.27,1.26366,0.71658,1.39383,0.11072,0.0405,0.00711,0.00156,1.22832,0.76635,2.0985,0.0340123,0.000662099,0.000662099
3,8201.78,1.21287,0.71158,1.31779,0.171,0.09742,0.03418,0.01037,1.14798,0.78219,1.96011,0.0010035,0.000986634,0.000986634
4,10928.1,1.02685,0.88586,1.01736,0.12047,0.16768,0.04299,0.02097,0.65959,1.46469,0.77751,0.0009802,0.0009802,0.0009802
